time_sec,torque_Nm
0.2219843864440918,0.0
1.090930461883545,0.05000000074505806
2.0146420001983643,0.15000000596046448
3.2148401737213135,0.30000001192092896
4.139645338058472,0.43034806847572327
4.310711145401001,0.5
