time_sec,torque_Nm
0.8494400978088379,0.0
1.9909818172454834,0.7216935753822327
2.1883180141448975,0.7216935753822327
2.7003743648529053,0.7716935873031616
