time_sec,torque_Nm
4.437142610549927,0.1722239851951599
5.541562795639038,0.12222398817539215
6.611357688903809,0.02222398854792118
8.106573581695557,0.12777601182460785
9.632972002029419,0.3277760148048401
