time_sec,torque_Nm
2.509216547012329,0.0
3.554692029953003,0.9486308693885803
3.7354018688201904,0.9486308693885803
4.313084363937378,0.8986308574676514
