time_sec,torque_Nm
0.8096871376037598,0.0
1.9351708889007568,0.6298572421073914
2.123762845993042,0.6298572421073914
2.6140525341033936,0.6798572540283203
3.1135830879211426,0.7798572778701782
3.6182708740234375,0.9298572540283203
3.821584701538086,0.9298572540283203
4.071640491485596,0.9298572540283203
4.604533433914185,0.8798572421073914
4.800587177276611,0.8798572421073914
5.004426717758179,0.8798572421073914
5.520430326461792,0.9298572540283203
6.047123193740845,1.0298572778701782
