time_sec,torque_Nm
0.757310152053833,0.3983032703399658
2.032055377960205,0.4483032822608948
2.48073148727417,0.4483032822608948
3.322754144668579,0.0
4.384849786758423,0.05000000074505806
4.94525146484375,0.10000000149011612
5.5791614055633545,0.15000000596046448
6.505419969558716,0.20000000298023224
7.635308027267456,0.25
8.50190544128418,0.30000001192092896
